{
  "project_info": {
    "project_number": "642333997676",
    "firebase_url": "https://endecrypt-android-app-default-rtdb.firebaseio.com",
    "project_id": "endecrypt-android-app",
    "storage_bucket": "endecrypt-android-app.appspot.com"
  },
  "client": [
    {
      "client_info": {
        "mobilesdk_app_id": "1:642333997676:android:0caf21a88f374efe3c3649",
        "android_client_info": {
          "package_name": "com.example.Endecryptmessanger"
        }
      },
      "oauth_client": [
        {
          "client_id": "642333997676-gff6vfklfbvrrnib96bfokh99ra8eids.apps.googleusercontent.com",
          "client_type": 3
        }
      ],
      "api_key": [
        {
          "current_key": "AIzaSyB1azBB4Qv3rVR08GEQviFzs7I-ODJV5RI"
        }
      ],
      "services": {
        "appinvite_service": {
          "other_platform_oauth_client": [
            {
              "client_id": "642333997676-gff6vfklfbvrrnib96bfokh99ra8eids.apps.googleusercontent.com",
              "client_type": 3
            }
          ]
        }
      }
    },
    {
      "client_info": {
        "mobilesdk_app_id": "1:642333997676:android:e413a9bf80e7d0ca3c3649",
        "android_client_info": {
          "package_name": "com.example.Endecryptmessanger"
        }
      },
      "oauth_client": [
        {
          "client_id": "642333997676-gff6vfklfbvrrnib96bfokh99ra8eids.apps.googleusercontent.com",
          "client_type": 3
        }
      ],
      "api_key": [
        {
          "current_key": "AIzaSyB1azBB4Qv3rVR08GEQviFzs7I-ODJV5RI"
        }
      ],
      "services": {
        "appinvite_service": {
          "other_platform_oauth_client": [
            {
              "client_id": "642333997676-gff6vfklfbvrrnib96bfokh99ra8eids.apps.googleusercontent.com",
              "client_type": 3
            }
          ]
        }
      }
    }
  ],
  "configuration_version": "1"
}